X(mm),Y(mm),I(pA)
0.0,0.0,-0.4270961
1.0,0.0,-0.4498311
0.0,1.0,-0.3471176
1.0,1.0,-0.33351729999999996
