X(mm),Y(mm),I(pA)
0.0,0.0,-0.1741721
1.0,0.0,-0.1676763
0.0,1.0,-0.1368212
1.0,1.0,-0.1400692
