X(mm),Y(mm),I(pA)
0.0,0.0,-0.5048378
1.0,0.0,-0.6639817
0.0,1.0,-0.4571351
1.0,1.0,-0.6168879
